<annotation>
	<folder></folder>
	<filename>10_jpeg_jpg.rf.1b1cf0b5390986d8dfe370782b6c55f9.jpg</filename>
	<path>10_jpeg_jpg.rf.1b1cf0b5390986d8dfe370782b6c55f9.jpg</path>
	<source>
		<database>roboflow.ai</database>
	</source>
	<size>
		<width>640</width>
		<height>640</height>
		<depth>3</depth>
	</size>
	<segmented>0</segmented>
	<object>
		<name>tree</name>
		<pose>Unspecified</pose>
		<truncated>0</truncated>
		<difficult>0</difficult>
		<occluded>0</occluded>
		<bndbox>
			<xmin>1</xmin>
			<xmax>581</xmax>
			<ymin>1</ymin>
			<ymax>577</ymax>
		</bndbox>
	</object>
</annotation>
