<annotation>
	<folder></folder>
	<filename>10_jpeg_jpg.rf.123bfacadc009dafdcdead675cbb6cc3.jpg</filename>
	<path>10_jpeg_jpg.rf.123bfacadc009dafdcdead675cbb6cc3.jpg</path>
	<source>
		<database>roboflow.ai</database>
	</source>
	<size>
		<width>640</width>
		<height>640</height>
		<depth>3</depth>
	</size>
	<segmented>0</segmented>
	<object>
		<name>tree</name>
		<pose>Unspecified</pose>
		<truncated>0</truncated>
		<difficult>0</difficult>
		<occluded>0</occluded>
		<bndbox>
			<xmin>20</xmin>
			<xmax>624</xmax>
			<ymin>20</ymin>
			<ymax>611</ymax>
		</bndbox>
	</object>
</annotation>
