<annotation>
	<folder></folder>
	<filename>11_jpeg_jpg.rf.f0ad17accaca633c0316a25ac787e19f.jpg</filename>
	<path>11_jpeg_jpg.rf.f0ad17accaca633c0316a25ac787e19f.jpg</path>
	<source>
		<database>roboflow.ai</database>
	</source>
	<size>
		<width>640</width>
		<height>640</height>
		<depth>3</depth>
	</size>
	<segmented>0</segmented>
	<object>
		<name>tree</name>
		<pose>Unspecified</pose>
		<truncated>0</truncated>
		<difficult>0</difficult>
		<occluded>0</occluded>
		<bndbox>
			<xmin>5</xmin>
			<xmax>639</xmax>
			<ymin>78</ymin>
			<ymax>626</ymax>
		</bndbox>
	</object>
</annotation>
