<annotation>
	<folder></folder>
	<filename>16_jpg.rf.1e2311d9721731cd0817602457b3f330.jpg</filename>
	<path>16_jpg.rf.1e2311d9721731cd0817602457b3f330.jpg</path>
	<source>
		<database>roboflow.ai</database>
	</source>
	<size>
		<width>640</width>
		<height>640</height>
		<depth>3</depth>
	</size>
	<segmented>0</segmented>
	<object>
		<name>tree</name>
		<pose>Unspecified</pose>
		<truncated>0</truncated>
		<difficult>0</difficult>
		<occluded>0</occluded>
		<bndbox>
			<xmin>16</xmin>
			<xmax>630</xmax>
			<ymin>1</ymin>
			<ymax>579</ymax>
		</bndbox>
	</object>
</annotation>
