<annotation>
	<folder></folder>
	<filename>16_jpeg_jpg.rf.ada52e85fa9456e3cc98a29108e5deb0.jpg</filename>
	<path>16_jpeg_jpg.rf.ada52e85fa9456e3cc98a29108e5deb0.jpg</path>
	<source>
		<database>roboflow.ai</database>
	</source>
	<size>
		<width>640</width>
		<height>640</height>
		<depth>3</depth>
	</size>
	<segmented>0</segmented>
	<object>
		<name>tree</name>
		<pose>Unspecified</pose>
		<truncated>0</truncated>
		<difficult>0</difficult>
		<occluded>0</occluded>
		<bndbox>
			<xmin>1</xmin>
			<xmax>449</xmax>
			<ymin>1</ymin>
			<ymax>639</ymax>
		</bndbox>
	</object>
</annotation>
