<annotation>
	<folder></folder>
	<filename>1_jpg.rf.a5fdc2cce07bb4d0864bf80647c00176.jpg</filename>
	<path>1_jpg.rf.a5fdc2cce07bb4d0864bf80647c00176.jpg</path>
	<source>
		<database>roboflow.ai</database>
	</source>
	<size>
		<width>640</width>
		<height>640</height>
		<depth>3</depth>
	</size>
	<segmented>0</segmented>
	<object>
		<name>tree</name>
		<pose>Unspecified</pose>
		<truncated>0</truncated>
		<difficult>0</difficult>
		<occluded>0</occluded>
		<bndbox>
			<xmin>55</xmin>
			<xmax>537</xmax>
			<ymin>8</ymin>
			<ymax>631</ymax>
		</bndbox>
	</object>
</annotation>
