<annotation>
	<folder></folder>
	<filename>1_jpg.rf.e87e27be94c8ecf787ccba92ec226292.jpg</filename>
	<path>1_jpg.rf.e87e27be94c8ecf787ccba92ec226292.jpg</path>
	<source>
		<database>roboflow.ai</database>
	</source>
	<size>
		<width>640</width>
		<height>640</height>
		<depth>3</depth>
	</size>
	<segmented>0</segmented>
	<object>
		<name>tree</name>
		<pose>Unspecified</pose>
		<truncated>0</truncated>
		<difficult>0</difficult>
		<occluded>0</occluded>
		<bndbox>
			<xmin>63</xmin>
			<xmax>536</xmax>
			<ymin>5</ymin>
			<ymax>624</ymax>
		</bndbox>
	</object>
</annotation>
