<annotation>
	<folder></folder>
	<filename>2_jpeg_jpg.rf.39d950e206deeaf23ba4152067fd1973.jpg</filename>
	<path>2_jpeg_jpg.rf.39d950e206deeaf23ba4152067fd1973.jpg</path>
	<source>
		<database>roboflow.ai</database>
	</source>
	<size>
		<width>640</width>
		<height>640</height>
		<depth>3</depth>
	</size>
	<segmented>0</segmented>
	<object>
		<name>tree</name>
		<pose>Unspecified</pose>
		<truncated>0</truncated>
		<difficult>0</difficult>
		<occluded>0</occluded>
		<bndbox>
			<xmin>140</xmin>
			<xmax>513</xmax>
			<ymin>42</ymin>
			<ymax>594</ymax>
		</bndbox>
	</object>
</annotation>
