<annotation>
	<folder></folder>
	<filename>2_jpeg_jpg.rf.84fb2baf44dbfd2b92756bba30395fb7.jpg</filename>
	<path>2_jpeg_jpg.rf.84fb2baf44dbfd2b92756bba30395fb7.jpg</path>
	<source>
		<database>roboflow.ai</database>
	</source>
	<size>
		<width>640</width>
		<height>640</height>
		<depth>3</depth>
	</size>
	<segmented>0</segmented>
	<object>
		<name>tree</name>
		<pose>Unspecified</pose>
		<truncated>0</truncated>
		<difficult>0</difficult>
		<occluded>0</occluded>
		<bndbox>
			<xmin>140</xmin>
			<xmax>519</xmax>
			<ymin>42</ymin>
			<ymax>594</ymax>
		</bndbox>
	</object>
</annotation>
