<annotation>
	<folder></folder>
	<filename>5_jpeg_jpg.rf.ff16253cca591c231106f443ee7e8a52.jpg</filename>
	<path>5_jpeg_jpg.rf.ff16253cca591c231106f443ee7e8a52.jpg</path>
	<source>
		<database>roboflow.ai</database>
	</source>
	<size>
		<width>640</width>
		<height>640</height>
		<depth>3</depth>
	</size>
	<segmented>0</segmented>
	<object>
		<name>tree</name>
		<pose>Unspecified</pose>
		<truncated>0</truncated>
		<difficult>0</difficult>
		<occluded>0</occluded>
		<bndbox>
			<xmin>97</xmin>
			<xmax>639</xmax>
			<ymin>127</ymin>
			<ymax>502</ymax>
		</bndbox>
	</object>
</annotation>
