<annotation>
	<folder></folder>
	<filename>7_jpeg_jpg.rf.ac0c66f3022d6b90d32c9a48b8e0160b.jpg</filename>
	<path>7_jpeg_jpg.rf.ac0c66f3022d6b90d32c9a48b8e0160b.jpg</path>
	<source>
		<database>roboflow.ai</database>
	</source>
	<size>
		<width>640</width>
		<height>640</height>
		<depth>3</depth>
	</size>
	<segmented>0</segmented>
	<object>
		<name>tree</name>
		<pose>Unspecified</pose>
		<truncated>0</truncated>
		<difficult>0</difficult>
		<occluded>0</occluded>
		<bndbox>
			<xmin>110</xmin>
			<xmax>590</xmax>
			<ymin>1</ymin>
			<ymax>577</ymax>
		</bndbox>
	</object>
</annotation>
