<annotation>
	<folder></folder>
	<filename>9_jpeg_jpg.rf.2613195a4b5e13502abdd49684526454.jpg</filename>
	<path>9_jpeg_jpg.rf.2613195a4b5e13502abdd49684526454.jpg</path>
	<source>
		<database>roboflow.ai</database>
	</source>
	<size>
		<width>640</width>
		<height>640</height>
		<depth>3</depth>
	</size>
	<segmented>0</segmented>
	<object>
		<name>tree</name>
		<pose>Unspecified</pose>
		<truncated>0</truncated>
		<difficult>0</difficult>
		<occluded>0</occluded>
		<bndbox>
			<xmin>52</xmin>
			<xmax>594</xmax>
			<ymin>1</ymin>
			<ymax>607</ymax>
		</bndbox>
	</object>
</annotation>
